id,credit_score,Risk_Category,DTI_Ratio
926,776,"Low Risk",4.97864889017704
1091,656,"Medium Risk",4.678159213212099
1751,736,"Low Risk",3.918611259966548
1319,546,"High Risk",3.8974928986044213
1684,782,"Low Risk",3.8876206884175013
1088,765,"Low Risk",3.848579269338517
1655,830,"Low Risk",3.6525418866192334
1005,685,"Low Risk",3.6495124730910473
920,700,"Low Risk",3.6193910256410255
74,783,"Low Risk",3.5995662225611937
1895,706,"Low Risk",3.589110849980415
1546,668,"Medium Risk",3.577052756842523
181,602,"Medium Risk",3.550956412668548
125,724,"Low Risk",3.5271151309591104
1496,713,"Low Risk",3.513016185611422
1355,536,"High Risk",3.4962075179147636
1541,681,"Low Risk",3.3968253968253967
693,703,"Low Risk",3.3965811440254567
1730,739,"Low Risk",3.3693799854967366
1172,769,"Low Risk",3.3618056944722277
1608,572,"High Risk",3.351526949135403
1442,624,"Medium Risk",3.346707413249211
459,734,"Low Risk",3.3256127014293067
308,737,"Low Risk",3.3240045139448653
1761,703,"Low Risk",3.32100128186868
1044,693,"Low Risk",3.3075204276106813
470,747,"Low Risk",3.299618253773684
1714,794,"Low Risk",3.291997096327951
1017,560,"High Risk",3.2876005992404975
577,763,"Low Risk",3.2832417084516403
749,674,"Low Risk",3.2826157727679663
239,682,"Low Risk",3.2811781711333854
403,759,"Low Risk",3.2789894782989917
1667,588,"Medium Risk",3.2762986946031223
1760,682,"Low Risk",3.274604362406807
1399,707,"Low Risk",3.2581237287294735
315,692,"Low Risk",3.2267868519785745
1650,687,"Low Risk",3.226250906453952
302,706,"Low Risk",3.2186764391183393
1911,768,"Low Risk",3.201728168555618
1366,767,"Low Risk",3.198775
688,760,"Low Risk",3.1979587947572363
443,697,"Low Risk",3.195398466155385
417,762,"Low Risk",3.182869418163536
845,786,"Low Risk",3.181530918005993
1901,730,"Low Risk",3.1809475806451615
1099,763,"Low Risk",3.1673217838598533
1762,635,"Medium Risk",3.1523363163109637
138,641,"Medium Risk",3.151113823619164
1628,786,"Low Risk",3.148000441368874
1637,687,"Low Risk",3.1474527406758632
212,797,"Low Risk",3.1446849344279775
1725,729,"Low Risk",3.140180999718653
1513,733,"Low Risk",3.133747109650724
1709,744,"Low Risk",3.128325684844731
1630,719,"Low Risk",3.0986653204177577
1839,631,"Medium Risk",3.0855716316192283
1020,796,"Low Risk",3.083829126787628
1633,687,"Low Risk",3.0829780790644583
1203,582,"Medium Risk",3.082649204323856
860,692,"Low Risk",3.077112962048701
724,731,"Low Risk",3.070343179101929
175,675,"Low Risk",3.06816291065057
561,834,"Low Risk",3.042873036116463
1257,721,"Low Risk",3.041380882322468
54,696,"Low Risk",3.0383378623188406
995,592,"Medium Risk",3.0277245055517854
772,741,"Low Risk",3.0240911557243626
26,685,"Low Risk",3.022546322222493
1700,822,"Low Risk",3.0203020741736926
144,835,"Low Risk",3.006186204763378
200,701,"Low Risk",3.0055026281208934
1912,684,"Low Risk",2.9868151903237283
1290,669,"Medium Risk",2.9671524056120915
1447,610,"Medium Risk",2.9556160079137634
358,605,"Medium Risk",2.955210914122076
487,735,"Low Risk",2.950689260611344
1137,669,"Medium Risk",2.949738532795458
1054,639,"Medium Risk",2.9485860624606635
2,673,"Low Risk",2.9456771231828616
1669,698,"Low Risk",2.9378085280055974
146,717,"Low Risk",2.9369233008295734
1727,771,"Low Risk",2.9368770764119603
229,725,"Low Risk",2.934900756143667
1949,706,"Low Risk",2.9336243362433625
148,663,"Medium Risk",2.926242858250821
1634,825,"Low Risk",2.923263838266025
1109,639,"Medium Risk",2.9207065527065526
184,797,"Low Risk",2.8986422844540423
134,643,"Medium Risk",2.895922190776099
733,606,"Medium Risk",2.88633369716587
536,789,"Low Risk",2.885059690446311
1738,696,"Low Risk",2.8846388695045357
812,659,"Medium Risk",2.8798138368419783
888,698,"Low Risk",2.877822796877793
1625,659,"Medium Risk",2.873081598165845
1271,642,"Medium Risk",2.871978180916567
171,694,"Low Risk",2.870564979728503
856,748,"Low Risk",2.8699679840445076
1012,693,"Low Risk",2.867995738852534
1336,673,"Low Risk",2.8669321233447542
1555,717,"Low Risk",2.863780598368087
865,693,"Low Risk",2.8500502831736623
512,718,"Low Risk",2.847496018889682
330,711,"Low Risk",2.8440366972477062
191,728,"Low Risk",2.8305318615153037
1333,741,"Low Risk",2.815697217859547
129,510,"High Risk",2.805771587743733
573,589,"Medium Risk",2.8045050148278965
1078,589,"Medium Risk",2.7981624287897735
855,699,"Low Risk",2.7937669016269893
257,708,"Low Risk",2.791985838429353
1724,850,"Low Risk",2.7910537049626103
1952,821,"Low Risk",2.7870979977783197
1677,671,"Low Risk",2.783953222014588
587,643,"Medium Risk",2.780078895463511
965,713,"Low Risk",2.772934364766741
1563,683,"Low Risk",2.765841562237081
1051,694,"Low Risk",2.7602409638554217
1140,703,"Low Risk",2.7577640873696954
382,681,"Low Risk",2.7544041899320435
647,758,"Low Risk",2.7540148698884757
703,711,"Low Risk",2.7528181750613183
1110,673,"Low Risk",2.7501706898906066
1402,590,"Medium Risk",2.7473129413713835
687,725,"Low Risk",2.74602911978822
121,721,"Low Risk",2.7382813360047558
297,738,"Low Risk",2.736427289680166
1672,792,"Low Risk",2.736335137452441
535,643,"Medium Risk",2.7355087761626153
1289,758,"Low Risk",2.7333909549616893
1500,680,"Low Risk",2.732005141388175
1089,729,"Low Risk",2.727733442069086
1562,759,"Low Risk",2.7190487384422504
1580,621,"Medium Risk",2.7189990465396585
1978,844,"Low Risk",2.716575311728692
1346,655,"Medium Risk",2.7119873472949387
1280,641,"Medium Risk",2.7088688946015425
954,772,"Low Risk",2.7056871164028133
201,732,"Low Risk",2.69913184267091
1631,740,"Low Risk",2.6989724175229854
996,738,"Low Risk",2.6811215604319054
889,710,"Low Risk",2.6798287345385345
270,655,"Medium Risk",2.679210543316752
1438,700,"Low Risk",2.678092448999967
1118,714,"Low Risk",2.6773921832884096
1622,759,"Low Risk",2.673348387178161
194,746,"Low Risk",2.662233955868453
748,706,"Low Risk",2.6599882772952523
1256,728,"Low Risk",2.6594190015645003
1460,590,"Medium Risk",2.6525906735751295
1645,716,"Low Risk",2.6503691713053965
1566,718,"Low Risk",2.639756340129289
1087,722,"Low Risk",2.6362551214633676
379,765,"Low Risk",2.633874379253265
1006,761,"Low Risk",2.6330415263748597
1038,810,"Low Risk",2.6198340361855528
564,765,"Low Risk",2.61906109264106
1093,667,"Medium Risk",2.611888185432135
1706,805,"Low Risk",2.611013823167778
1335,836,"Low Risk",2.609106239460371
1830,758,"Low Risk",2.606792522672589
656,704,"Low Risk",2.6050006649820454
94,593,"Medium Risk",2.6048694232861807
934,762,"Low Risk",2.602126210285603
1127,720,"Low Risk",2.6019387468389996
618,701,"Low Risk",2.601834862385321
636,793,"Low Risk",2.5970375841129165
861,793,"Low Risk",2.5935978578383643
675,724,"Low Risk",2.592211671222069
1245,802,"Low Risk",2.5875757575757574
301,679,"Low Risk",2.5869656649078534
78,688,"Low Risk",2.585955167625471
1418,752,"Low Risk",2.5831322617766066
216,687,"Low Risk",2.5806257158357946
277,799,"Low Risk",2.5805790982702668
1138,768,"Low Risk",2.5720765888363655
373,812,"Low Risk",2.5597513670140675
928,784,"Low Risk",2.555631124988407
1397,710,"Low Risk",2.554386061338903
768,620,"Medium Risk",2.5532328703970495
834,746,"Low Risk",2.5461751152073733
149,594,"Medium Risk",2.538652081940441
318,724,"Low Risk",2.529516946167809
458,530,"High Risk",2.5258213092035544
782,722,"Low Risk",2.5247921655142727
552,602,"Medium Risk",2.520252008070349
22,747,"Low Risk",2.510432494533595
1689,637,"Medium Risk",2.507320312246947
1690,630,"Medium Risk",2.505560546451473
424,772,"Low Risk",2.504927025173866
1069,615,"Medium Risk",2.5025298787402948
1544,679,"Low Risk",2.5001649719547676
253,664,"Medium Risk",2.498745961090901
1261,527,"High Risk",2.4983499789204355
1804,701,"Low Risk",2.493574564932527
1274,705,"Low Risk",2.4906598738476466
25,630,"Medium Risk",2.4894897336857085
1860,719,"Low Risk",2.4892227302416723
1648,621,"Medium Risk",2.484301459316117
660,680,"Low Risk",2.47857678072705
1746,701,"Low Risk",2.4768814559763896
545,715,"Low Risk",2.47651344433019
1873,651,"Medium Risk",2.476094688356364
1467,736,"Low Risk",2.46618094415443
30,577,"High Risk",2.4651258240771616
817,803,"Low Risk",2.464242350655658
1090,850,"Low Risk",2.4546876824284882
984,850,"Low Risk",2.453656462585034
691,561,"High Risk",2.452183415852625
610,713,"Low Risk",2.4501259617348676
1882,694,"Low Risk",2.446596540912309
1186,577,"High Risk",2.4448747596890583
1324,663,"Medium Risk",2.4431467380119365
69,748,"Low Risk",2.434469439949893
1514,721,"Low Risk",2.430927555856466
1863,850,"Low Risk",2.428655606925936
1720,590,"Medium Risk",2.4272364764168044
1681,746,"Low Risk",2.424113867625811
1182,658,"Medium Risk",2.4235577805152935
312,767,"Low Risk",2.4200998489679475
895,832,"Low Risk",2.419638340920587
797,651,"Medium Risk",2.4186436577695347
1786,755,"Low Risk",2.4152443604154255
1774,758,"Low Risk",2.4150110375275937
350,737,"Low Risk",2.414364640883978
1353,816,"Low Risk",2.414214440800111
1682,716,"Low Risk",2.4126358974358975
263,663,"Medium Risk",2.4125721181040007
430,685,"Low Risk",2.411921274601687
509,702,"Low Risk",2.4118650918399425
859,631,"Medium Risk",2.403645753281485
1119,763,"Low Risk",2.3959318329866144
101,681,"Low Risk",2.393917733445968
899,629,"Medium Risk",2.3866488484266353
775,627,"Medium Risk",2.3844355836656126
670,801,"Low Risk",2.3838207114887946
1897,741,"Low Risk",2.379869100135513
1704,716,"Low Risk",2.3710319949811796
539,765,"Low Risk",2.370776440638741
1697,685,"Low Risk",2.3703233988585923
1223,717,"Low Risk",2.369143490421658
476,724,"Low Risk",2.3666240686711837
1511,719,"Low Risk",2.366536175148615
1029,676,"Low Risk",2.366093634698953
685,778,"Low Risk",2.3656684564059938
1374,758,"Low Risk",2.3632652032561303
1755,734,"Low Risk",2.358802929003502
1526,671,"Low Risk",2.357178428098544
272,767,"Low Risk",2.3514895051210516
366,625,"Medium Risk",2.350805542331688
1235,813,"Low Risk",2.3507124975929137
686,683,"Low Risk",2.3451816288755207
566,814,"Low Risk",2.345147478591817
1035,701,"Low Risk",2.3386442355269668
282,702,"Low Risk",2.338362321672855
1840,706,"Low Risk",2.3329114782254967
1794,631,"Medium Risk",2.332579155409452
1272,779,"Low Risk",2.328264349416876
664,697,"Low Risk",2.325524776580268
363,701,"Low Risk",2.3238097194265293
1865,782,"Low Risk",2.3233329407211722
1816,784,"Low Risk",2.3232674279372683
1283,591,"Medium Risk",2.323009752956512
1144,773,"Low Risk",2.322511887194622
1350,651,"Medium Risk",2.3222172552525704
1957,772,"Low Risk",2.321486268174475
1572,658,"Medium Risk",2.319936625297069
1096,681,"Low Risk",2.319727397955485
571,739,"Low Risk",2.3139930810928604
1266,618,"Medium Risk",2.3126587499728632
147,800,"Low Risk",2.3083553553376017
908,650,"Medium Risk",2.307873573158077
310,666,"Medium Risk",2.3066484127663216
603,611,"Medium Risk",2.3055306561491573
70,635,"Medium Risk",2.302913480376667
611,758,"Low Risk",2.300114098874338
593,635,"Medium Risk",2.299798911757748
185,779,"Low Risk",2.296748755736539
617,691,"Low Risk",2.294988453451901
771,765,"Low Risk",2.2926463361009803
1255,681,"Low Risk",2.2908791846739343
1874,783,"Low Risk",2.2902578796561603
427,705,"Low Risk",2.2852092108094815
1556,740,"Low Risk",2.281686931665182
638,679,"Low Risk",2.2789389543489844
1394,558,"High Risk",2.278671806129328
235,721,"Low Risk",2.2719409976168956
567,761,"Low Risk",2.2713067334645434
1557,707,"Low Risk",2.2685164095662076
345,724,"Low Risk",2.268148398546438
1287,545,"High Risk",2.2610770279481938
1205,680,"Low Risk",2.2582479292432964
1042,766,"Low Risk",2.2526938009859094
1817,683,"Low Risk",2.2510146103896105
383,760,"Low Risk",2.2509989208738004
111,738,"Low Risk",2.2505665911211836
1614,716,"Low Risk",2.250082982960832
776,616,"Medium Risk",2.249376635370171
1262,717,"Low Risk",2.2488831707229906
1294,730,"Low Risk",2.2450688500186082
103,850,"Low Risk",2.244780583194341
514,698,"Low Risk",2.2405016256386436
349,685,"Low Risk",2.2399546600661595
531,722,"Low Risk",2.2390073566803403
1828,711,"Low Risk",2.2388483373884833
1047,689,"Low Risk",2.2379654180826827
722,707,"Low Risk",2.236880422253231
1493,765,"Low Risk",2.23677503346352
1049,850,"Low Risk",2.2354102135358134
1457,688,"Low Risk",2.234313832695462
1539,676,"Low Risk",2.2322431677981873
265,713,"Low Risk",2.231993318240763
1303,684,"Low Risk",2.2305407107221855
1723,839,"Low Risk",2.2295731707317072
813,585,"Medium Risk",2.229059477258695
395,739,"Low Risk",2.228195359900022
48,733,"Low Risk",2.2265143271672105
1213,795,"Low Risk",2.2257050414190322
1014,729,"Low Risk",2.223417554272705
584,743,"Low Risk",2.222332591197123
419,734,"Low Risk",2.222122838401908
1244,637,"Medium Risk",2.220747520976354
230,693,"Low Risk",2.2196839525647163
1575,724,"Low Risk",2.2185754432224267
1778,659,"Medium Risk",2.2183478202277476
1549,747,"Low Risk",2.2180727645805383
1385,789,"Low Risk",2.2151328100318355
1387,785,"Low Risk",2.214472273804671
1801,480,"High Risk",2.2141322209581595
1120,737,"Low Risk",2.213510121678398
648,674,"Low Risk",2.212232866617539
1588,689,"Low Risk",2.2119093828899232
1985,680,"Low Risk",2.211781206171108
452,704,"Low Risk",2.2114243323442135
1168,505,"High Risk",2.21001522708415
485,665,"Medium Risk",2.2094946481379707
1143,606,"Medium Risk",2.2081295598492745
1404,526,"High Risk",2.2063226584777365
999,703,"Low Risk",2.206073528194088
1618,682,"Low Risk",2.203627148398788
633,743,"Low Risk",2.202415353036131
1658,695,"Low Risk",2.2017723485383422
1643,686,"Low Risk",2.2017492458276364
425,688,"Low Risk",2.19570626407989
1174,772,"Low Risk",2.195002177173545
1293,706,"Low Risk",2.191274759995139
9,540,"High Risk",2.190909534497902
1931,503,"High Risk",2.1865765179453804
719,767,"Low Risk",2.186381858433555
751,593,"Medium Risk",2.1820762123316624
1024,739,"Low Risk",2.181827886477666
1149,661,"Medium Risk",2.18100860846334
942,742,"Low Risk",2.1791034681005765
1832,684,"Low Risk",2.1780490487187945
50,702,"Low Risk",2.177914266782201
210,630,"Medium Risk",2.1773694390715668
344,577,"High Risk",2.177145301931383
491,651,"Medium Risk",2.176951838003924
1716,746,"Low Risk",2.173579168940516
1788,673,"Low Risk",2.1732584538176605
1043,660,"Medium Risk",2.1642385742378534
471,629,"Medium Risk",2.1635285086188847
1444,698,"Low Risk",2.1634596695821187
1890,754,"Low Risk",2.1599737696727455
915,728,"Low Risk",2.1594999221409026
1518,745,"Low Risk",2.1569405848881833
1559,746,"Low Risk",2.1548788362845395
1165,797,"Low Risk",2.1545045698534744
1702,691,"Low Risk",2.1518655794415618
853,723,"Low Risk",2.151658452111363
88,712,"Low Risk",2.150133485316615
1934,691,"Low Risk",2.1500198105392068
65,645,"Medium Risk",2.1480140220760786
589,595,"Medium Risk",2.1472165711115223
1924,652,"Medium Risk",2.1463210264467136
41,637,"Medium Risk",2.1455689217525657
554,690,"Low Risk",2.1415371928706635
378,596,"Medium Risk",2.1399283491540495
1497,623,"Medium Risk",2.1398194245211375
544,676,"Low Risk",2.1385523092051533
904,759,"Low Risk",2.138543154458274
825,787,"Low Risk",2.1377144197266147
1499,662,"Medium Risk",2.1350788383752755
1813,808,"Low Risk",2.131765749778172
655,552,"High Risk",2.1312129202373105
1752,810,"Low Risk",2.127834511652265
900,735,"Low Risk",2.121838521400778
1906,609,"Medium Risk",2.1173402417962004
993,638,"Medium Risk",2.116345531268838
1944,740,"Low Risk",2.115922070557738
714,760,"Low Risk",2.1148086068980554
1339,773,"Low Risk",2.113380620528023
1488,695,"Low Risk",2.113285147599231
243,666,"Medium Risk",2.112505896535458
753,605,"Medium Risk",2.107296137339056
1711,728,"Low Risk",2.100049429727404
298,686,"Low Risk",2.0961383985423483
1743,774,"Low Risk",2.0933384306604226
448,698,"Low Risk",2.0932813133360355
1701,726,"Low Risk",2.0930653006758213
1440,630,"Medium Risk",2.091905870183605
1386,712,"Low Risk",2.0908323885358717
1389,793,"Low Risk",2.0905485789821547
165,694,"Low Risk",2.08962417466081
481,653,"Medium Risk",2.088596152919057
932,811,"Low Risk",2.0884349760037457
1427,770,"Low Risk",2.0860923869944488
933,690,"Low Risk",2.0844998844998845
1744,693,"Low Risk",2.0813372744878196
1151,788,"Low Risk",2.0804347826086955
495,831,"Low Risk",2.080072578100347
875,728,"Low Risk",2.0799150499916483
1176,527,"High Risk",2.0790611703982704
1185,780,"Low Risk",2.0789056363286056
1733,498,"High Risk",2.0776884806735554
1311,729,"Low Risk",2.075582470414201
910,819,"Low Risk",2.071556886227545
1886,683,"Low Risk",2.070997454853957
51,688,"Low Risk",2.0709900005847612
1208,526,"High Risk",2.0686494743463024
1558,597,"Medium Risk",2.0682057276446524
1370,709,"Low Risk",2.0645082029182733
413,660,"Medium Risk",2.062377518225288
1322,636,"Medium Risk",2.061307901907357
428,689,"Low Risk",2.0605813829975568
480,713,"Low Risk",2.0595380488427995
738,707,"Low Risk",2.0591333979429143
143,771,"Low Risk",2.0568166631665363
640,629,"Medium Risk",2.056028167166007
1736,695,"Low Risk",2.053200550350521
1197,722,"Low Risk",2.052097550463329
1247,700,"Low Risk",2.0503261460409496
1574,746,"Low Risk",2.048194657564275
1885,753,"Low Risk",2.0436636442141625
513,712,"Low Risk",2.0430890227576977
39,583,"Medium Risk",2.0410592808551993
1826,654,"Medium Risk",2.0402934808756314
878,615,"Medium Risk",2.03905918738932
684,661,"Medium Risk",2.038691419515508
398,737,"Low Risk",2.0374054169674607
1057,787,"Low Risk",2.0363227901597045
13,588,"Medium Risk",2.0359194514793995
231,769,"Low Risk",2.034160463192721
221,850,"Low Risk",2.0336328452119594
28,789,"Low Risk",2.031157297367015
1857,775,"Low Risk",2.02677690029615
127,729,"Low Risk",2.026368332646658
151,823,"Low Risk",2.026141494351821
866,639,"Medium Risk",2.025038769707935
518,523,"High Risk",2.0249158100939844
355,691,"Low Risk",2.0221530710528266
720,682,"Low Risk",2.022121212121212
671,769,"Low Risk",2.0205101081335215
1081,617,"Medium Risk",2.0194607823787156
972,681,"Low Risk",2.019311636805708
937,603,"Medium Risk",2.0173477951409176
1030,705,"Low Risk",2.0168138247003093
1046,547,"High Risk",2.0161241999182895
389,689,"Low Risk",2.014713085415018
1152,747,"Low Risk",2.0144915301930326
106,624,"Medium Risk",2.0135861401341923
35,773,"Low Risk",2.013197236828539
727,801,"Low Risk",2.0130299590345984
393,765,"Low Risk",2.0122580047549943
1938,795,"Low Risk",2.0119232311259085
1887,503,"High Risk",2.0101592454731185
410,610,"Medium Risk",2.00911491609166
1992,710,"Low Risk",2.0083034773445734
1188,626,"Medium Risk",2.0074098391408337
295,681,"Low Risk",2.0006654688227856
842,564,"High Risk",2.000503949217425
1909,696,"Low Risk",2.000113164843455
1503,725,"Low Risk",1.999349155063806
1002,716,"Low Risk",1.9967000103124677
946,781,"Low Risk",1.9958724485943673
1296,788,"Low Risk",1.9948589422273633
1629,598,"Medium Risk",1.9943919516008428
1073,770,"Low Risk",1.9943284936479129
474,683,"Low Risk",1.9907605271934483
621,612,"Medium Risk",1.990135905304691
1013,711,"Low Risk",1.9898994106254035
6,782,"Low Risk",1.9880760554302288
1075,672,"Low Risk",1.9861359223300972
261,737,"Low Risk",1.985429746332053
1845,784,"Low Risk",1.9828329809725158
279,753,"Low Risk",1.9813286954521934
766,685,"Low Risk",1.9763296412309879
1535,590,"Medium Risk",1.9759839092191769
299,622,"Medium Risk",1.9722625668638634
236,540,"High Risk",1.971551873806394
1476,716,"Low Risk",1.9712674543501612
613,712,"Low Risk",1.9711997454121142
1126,710,"Low Risk",1.96931330472103
1656,706,"Low Risk",1.969227777642741
486,810,"Low Risk",1.9686964713943131
1509,820,"Low Risk",1.9642151761632722
1632,660,"Medium Risk",1.9631943831140157
451,711,"Low Risk",1.9611412386446063
154,666,"Medium Risk",1.9602861108145617
1545,807,"Low Risk",1.9585519072598925
498,660,"Medium Risk",1.9553671103477888
1899,737,"Low Risk",1.954920757093377
1527,578,"High Risk",1.954812659580785
232,786,"Low Risk",1.9536285949767926
916,682,"Low Risk",1.9528356761997092
540,634,"Medium Risk",1.9528296019900497
1246,713,"Low Risk",1.9519801341589267
882,612,"Medium Risk",1.9519092071959285
205,809,"Low Risk",1.9511809839025125
769,644,"Medium Risk",1.9504427878120778
1621,744,"Low Risk",1.9497427726542351
721,850,"Low Risk",1.9491481269212734
1620,701,"Low Risk",1.948651283717907
1927,739,"Low Risk",1.9480382965425154
828,659,"Medium Risk",1.9444939564418202
57,823,"Low Risk",1.9380048373111851
1772,761,"Low Risk",1.93744393277914
718,655,"Medium Risk",1.9360063271551873
1304,850,"Low Risk",1.9333237898075144
1495,770,"Low Risk",1.9319597055160562
969,666,"Medium Risk",1.9308746370536396
760,778,"Low Risk",1.9307204856488631
1253,768,"Low Risk",1.928679637100206
130,781,"Low Risk",1.9271912940479716
1728,601,"Medium Risk",1.9250809271008675
702,721,"Low Risk",1.924714850287611
1092,720,"Low Risk",1.9245409294348936
505,609,"Medium Risk",1.9242997728993188
1824,838,"Low Risk",1.9239188626494557
1553,701,"Low Risk",1.9228632528300134
997,675,"Low Risk",1.92171096919746
935,728,"Low Risk",1.9185356406572125
55,717,"Low Risk",1.9184666801247112
1758,645,"Medium Risk",1.917893243482887
1328,600,"Medium Risk",1.9146222363420289
1517,764,"Low Risk",1.913493605310021
678,850,"Low Risk",1.9118295620314143
560,676,"Low Risk",1.9115979322751804
1604,742,"Low Risk",1.9105979302414717
537,703,"Low Risk",1.908611162848451
677,729,"Low Risk",1.9066135126290424
1450,780,"Low Risk",1.9055092889173606
1377,569,"High Risk",1.9045787360394102
1094,712,"Low Risk",1.902248926210125
1160,688,"Low Risk",1.9013616258564368
974,644,"Medium Risk",1.9005259172856939
128,722,"Low Risk",1.8999585683781113
883,584,"Medium Risk",1.8998398763182596
872,655,"Medium Risk",1.895889541342644
914,763,"Low Risk",1.8946923743500867
1626,531,"High Risk",1.8944967823260135
1807,828,"Low Risk",1.8940363007778738
1757,784,"Low Risk",1.8897020386826973
1419,647,"Medium Risk",1.8894129126687267
1068,730,"Low Risk",1.887957953315814
1948,685,"Low Risk",1.8874962950417074
528,718,"Low Risk",1.887247393645931
1665,665,"Medium Risk",1.8866764728652163
905,701,"Low Risk",1.8865543183248883
475,727,"Low Risk",1.8849008064117152
1523,850,"Low Risk",1.884470890799526
1072,648,"Medium Risk",1.883624459604668
1363,690,"Low Risk",1.8803293687099725
196,773,"Low Risk",1.880167714884696
1915,775,"Low Risk",1.8800852829318888
1894,790,"Low Risk",1.8763707407251795
186,705,"Low Risk",1.8761417894955366
1552,686,"Low Risk",1.874983498349835
439,697,"Low Risk",1.8724633216527398
1893,623,"Medium Risk",1.8718739423113084
1204,743,"Low Risk",1.8713133640552995
1409,701,"Low Risk",1.8700798985989453
1532,759,"Low Risk",1.868829863603733
1507,744,"Low Risk",1.8677160382464368
1242,641,"Medium Risk",1.8667606280114064
981,671,"Low Risk",1.8654096113099372
189,730,"Low Risk",1.864238474072654
1842,637,"Medium Risk",1.8640550792082364
864,766,"Low Risk",1.8637153221274205
174,716,"Low Risk",1.8615715437684794
1206,727,"Low Risk",1.861013443640124
809,618,"Medium Risk",1.8587433992242628
1663,581,"Medium Risk",1.8552742616033755
1680,598,"Medium Risk",1.8548143625231093
1187,701,"Low Risk",1.8543752904888664
816,759,"Low Risk",1.8532175830232878
959,738,"Low Risk",1.8517129209037893
316,719,"Low Risk",1.849113390684959
964,689,"Low Risk",1.8480031702699133
985,600,"Medium Risk",1.8479498199558602
1896,641,"Medium Risk",1.8474382547333896
870,821,"Low Risk",1.8462838545667872
838,763,"Low Risk",1.8461167099149116
830,688,"Low Risk",1.8451597534466844
695,662,"Medium Risk",1.844822308184677
1892,637,"Medium Risk",1.8445495592345733
93,686,"Low Risk",1.8438109841092836
1214,711,"Low Risk",1.8410514695736167
177,728,"Low Risk",1.839204779563247
841,753,"Low Risk",1.8391340782122905
1586,672,"Low Risk",1.838524011299435
1011,676,"Low Risk",1.8372477464832662
1234,749,"Low Risk",1.8370185736109994
1111,742,"Low Risk",1.83650843670324
503,694,"Low Risk",1.83598295223921
581,684,"Low Risk",1.835658500767639
280,684,"Low Risk",1.8352584950095323
799,686,"Low Risk",1.8340364789849326
160,796,"Low Risk",1.8336362439088634
1599,790,"Low Risk",1.833389493031092
1929,717,"Low Risk",1.8323263200630477
892,656,"Medium Risk",1.831935552917826
400,711,"Low Risk",1.8312044254463162
986,703,"Low Risk",1.8295563424286607
1767,709,"Low Risk",1.8280206627189115
482,714,"Low Risk",1.8279653010392511
1779,733,"Low Risk",1.8276108949416343
1380,736,"Low Risk",1.8261709546696825
522,774,"Low Risk",1.824803240208036
627,717,"Low Risk",1.8244734422209572
1097,732,"Low Risk",1.8243824011378043
1799,646,"Medium Risk",1.8239871108373218
1314,723,"Low Risk",1.8236473454471627
58,706,"Low Risk",1.8212979890310785
549,719,"Low Risk",1.8203646635850026
1925,679,"Low Risk",1.8201280577901822
38,621,"Medium Risk",1.819577063440484
941,713,"Low Risk",1.818984498855029
46,632,"Medium Risk",1.818856952366842
616,586,"Medium Risk",1.8184507568141999
1482,675,"Low Risk",1.8172559224694904
197,724,"Low Risk",1.8168886952191234
1715,679,"Low Risk",1.8099806530107505
320,625,"Medium Risk",1.8074408686624954
1820,693,"Low Risk",1.8073917799656196
1446,689,"Low Risk",1.806341653943117
453,655,"Medium Risk",1.8055212580081537
328,700,"Low Risk",1.803953417944553
1485,618,"Medium Risk",1.8036618699252351
877,610,"Medium Risk",1.8016143602296237
392,775,"Low Risk",1.8008641005498822
504,705,"Low Risk",1.8004721517880564
784,688,"Low Risk",1.799749611291723
1307,646,"Medium Risk",1.7979317476732162
102,649,"Medium Risk",1.7956762615921955
1004,705,"Low Risk",1.7944395924308587
1134,568,"High Risk",1.7943668510852324
1610,690,"Low Risk",1.7935066328172489
1288,634,"Medium Risk",1.7924800966919783
47,712,"Low Risk",1.7905166312809624
1651,739,"Low Risk",1.7880502695562142
1055,594,"Medium Risk",1.784513202656731
1368,717,"Low Risk",1.781149946638207
569,662,"Medium Risk",1.778323287671233
1635,616,"Medium Risk",1.7767409997165264
273,665,"Medium Risk",1.7747694774822933
526,627,"Medium Risk",1.7740729827391015
1551,687,"Low Risk",1.7721504804056136
1505,685,"Low Risk",1.7712928311702099
1192,768,"Low Risk",1.7707739969020138
1483,714,"Low Risk",1.7706101750969188
1408,683,"Low Risk",1.7694195261273582
1950,720,"Low Risk",1.7678827536751525
962,846,"Low Risk",1.7659798026968654
1231,842,"Low Risk",1.7659294842744493
1226,714,"Low Risk",1.764758545849159
233,716,"Low Risk",1.7611452890611832
1554,696,"Low Risk",1.758966835257326
276,610,"Medium Risk",1.7565771254500138
187,830,"Low Risk",1.7552572706935123
213,629,"Medium Risk",1.7541325309939824
837,679,"Low Risk",1.753186301673501
45,654,"Medium Risk",1.7529985418855145
1765,770,"Low Risk",1.7519454647326154
411,775,"Low Risk",1.7510460808613844
950,629,"Medium Risk",1.7506808278867103
294,607,"Medium Risk",1.7499374331672468
1059,644,"Medium Risk",1.7484635645302897
1935,750,"Low Risk",1.7464669430698587
852,738,"Low Risk",1.746389082577946
193,749,"Low Risk",1.7461402443852103
1136,723,"Low Risk",1.7425654747189785
1210,703,"Low Risk",1.7420868205380673
60,655,"Medium Risk",1.7396423642716623
1678,685,"Low Risk",1.7371919278660368
1676,681,"Low Risk",1.7364339563373645
405,627,"Medium Risk",1.7357849019943996
90,644,"Medium Risk",1.7342919662394498
1461,704,"Low Risk",1.732753237020692
472,672,"Low Risk",1.7319663763331088
606,747,"Low Risk",1.7315260560837646
774,588,"Medium Risk",1.7300194639916155
682,724,"Low Risk",1.729966788725198
1547,684,"Low Risk",1.729511677282378
140,739,"Low Risk",1.7284188034188035
747,687,"Low Risk",1.7272443457749411
669,683,"Low Risk",1.727230743054374
1591,698,"Low Risk",1.72719992881929
1458,708,"Low Risk",1.7269752482170326
1462,586,"Medium Risk",1.7264823185323053
1802,802,"Low Risk",1.7257599514440343
348,719,"Low Risk",1.724561743967915
1415,689,"Low Risk",1.7227293929499568
1489,691,"Low Risk",1.7205766967438212
309,819,"Low Risk",1.7198073401799219
796,746,"Low Risk",1.7197878549261199
72,580,"Medium Risk",1.719282142943407
1083,756,"Low Risk",1.7190416925948973
923,735,"Low Risk",1.7183848761078715
1382,706,"Low Risk",1.715566201754047
1958,680,"Low Risk",1.7145075777861083
1435,703,"Low Risk",1.7140637056196137
214,652,"Medium Risk",1.713888249691442
483,713,"Low Risk",1.7127273637068727
1524,732,"Low Risk",1.7123434418269374
1606,806,"Low Risk",1.712008501594049
591,696,"Low Risk",1.7118934942014665
1937,667,"Medium Risk",1.7068480300187616
1321,696,"Low Risk",1.705191415313225
707,576,"High Risk",1.7051512629855314
1365,751,"Low Risk",1.703136744458907
1139,645,"Medium Risk",1.7018335504782485
1061,739,"Low Risk",1.7012136342289343
1163,489,"High Risk",1.7009230311150811
1331,718,"Low Risk",1.700832211479623
1962,712,"Low Risk",1.699041948579161
81,723,"Low Risk",1.6984533183352082
1222,600,"Medium Risk",1.6976129166956644
582,583,"Medium Risk",1.6969812860129518
1827,686,"Low Risk",1.6963380160117392
620,588,"Medium Risk",1.6954272213416275
1201,715,"Low Risk",1.6945134889360411
1000,687,"Low Risk",1.6940871674261355
237,563,"High Risk",1.6938925303837225
1783,749,"Low Risk",1.6935410960725397
673,722,"Low Risk",1.6928483795112974
1158,716,"Low Risk",1.6924377869050495
488,745,"Low Risk",1.6918072589180104
609,717,"Low Risk",1.6886722080136403
361,804,"Low Risk",1.6864949298371403
789,690,"Low Risk",1.6857877400176748
542,704,"Low Risk",1.6843300786547328
1023,679,"Low Risk",1.684090535655603
1053,636,"Medium Risk",1.6818124561371939
1595,753,"Low Risk",1.681597295584196
1325,745,"Low Risk",1.6815398445693739
36,722,"Low Risk",1.6810039409259185
1001,716,"Low Risk",1.6809249510790176
1221,850,"Low Risk",1.6803915829186586
1721,642,"Medium Risk",1.6803823773898587
1847,676,"Low Risk",1.6800559743027066
1277,692,"Low Risk",1.677036722727974
1164,675,"Low Risk",1.676178580871024
1971,763,"Low Risk",1.6759174862077237
1708,850,"Low Risk",1.6740619613735803
646,786,"Low Risk",1.673855250492735
271,685,"Low Risk",1.6735944514382082
858,700,"Low Risk",1.6711509715994022
1619,747,"Low Risk",1.670354671819485
1071,838,"Low Risk",1.667596381930506
1364,750,"Low Risk",1.6666666666666667
340,809,"Low Risk",1.6662154583953745
558,692,"Low Risk",1.6646311970979444
1819,672,"Low Risk",1.6638263168255576
1508,747,"Low Risk",1.66350419241519
1780,666,"Medium Risk",1.663241709150155
1263,600,"Medium Risk",1.6629106187929716
1920,713,"Low Risk",1.6618870823198053
1954,683,"Low Risk",1.6617981241994795
1880,771,"Low Risk",1.6599322334462776
195,688,"Low Risk",1.6594031045952937
1360,672,"Low Risk",1.6585378402016773
919,698,"Low Risk",1.658035056709383
1848,791,"Low Risk",1.654815312555584
968,722,"Low Risk",1.6536386768447837
1417,835,"Low Risk",1.653037205770691
1988,737,"Low Risk",1.652640716374269
1768,573,"High Risk",1.6494716973789185
429,683,"Low Risk",1.649337901657561
1423,689,"Low Risk",1.647040798459114
438,633,"Medium Risk",1.6408885232414645
1191,711,"Low Risk",1.6405072895778006
527,636,"Medium Risk",1.6380821108595058
1923,850,"Low Risk",1.636236794897349
1199,720,"Low Risk",1.635158309657273
100,813,"Low Risk",1.6337038247793396
1597,697,"Low Risk",1.632390243902439
1108,685,"Low Risk",1.6316604671016526
894,597,"Medium Risk",1.6312044429017702
1310,751,"Low Risk",1.6311185870479394
966,630,"Medium Risk",1.6288406220035854
61,801,"Low Risk",1.626608569042674
543,749,"Low Risk",1.6262816965593567
1785,607,"Medium Risk",1.6260005413557093
1657,655,"Medium Risk",1.6240219838937444
940,699,"Low Risk",1.6228708133971292
1196,820,"Low Risk",1.6226393466112623
1351,808,"Low Risk",1.6217074378190137
244,638,"Medium Risk",1.6209238116558466
180,840,"Low Risk",1.6208013255008284
1530,732,"Low Risk",1.6201680672268908
1903,709,"Low Risk",1.619863637000014
1867,644,"Medium Risk",1.619768922852984
83,557,"High Risk",1.6184341098309647
23,645,"Medium Risk",1.6159276729559748
1531,792,"Low Risk",1.6140433871730757
588,844,"Low Risk",1.6140227981914284
179,652,"Medium Risk",1.6111222294491419
84,738,"Low Risk",1.6100279633369583
1589,702,"Low Risk",1.6097330326616717
1378,614,"Medium Risk",1.6085028179367802
95,701,"Low Risk",1.6052803938839577
250,786,"Low Risk",1.6048859277205734
418,693,"Low Risk",1.602705671503729
802,752,"Low Risk",1.602201362907536
300,750,"Low Risk",1.6014978008479612
1474,705,"Low Risk",1.6012037600595117
131,688,"Low Risk",1.6005249622186282
645,750,"Low Risk",1.600352574922171
245,528,"High Risk",1.6002484091605131
1729,698,"Low Risk",1.6000561775209663
10,727,"Low Risk",1.5991505988278263
501,765,"Low Risk",1.5984891514256503
311,752,"Low Risk",1.5978651304642495
1984,528,"High Risk",1.5974884845989552
1756,691,"Low Risk",1.5936448791595508
170,768,"Low Risk",1.5924884406348863
1707,620,"Medium Risk",1.591350798431551
925,610,"Medium Risk",1.5913252929720865
1593,753,"Low Risk",1.5889230106136523
607,771,"Low Risk",1.585986812774245
1696,606,"Medium Risk",1.5857882387992999
1410,571,"High Risk",1.5856356169497854
1098,752,"Low Risk",1.5856164383561644
1590,599,"Medium Risk",1.5847998830010237
1392,743,"Low Risk",1.5844593957897515
1990,726,"Low Risk",1.5837547341472187
275,710,"Low Risk",1.5830930159395973
1125,689,"Low Risk",1.582744119414021
1809,664,"Medium Risk",1.5821631515681347
289,685,"Low Risk",1.580564784053156
408,741,"Low Risk",1.5804804900615768
624,710,"Low Risk",1.5753745442933553
917,678,"Low Risk",1.5750611246943764
1114,685,"Low Risk",1.574511652970497
1800,641,"Medium Risk",1.5728957120169402
1808,697,"Low Risk",1.572726500806657
568,778,"Low Risk",1.5718216269532264
955,798,"Low Risk",1.5717947207164742
1875,683,"Low Risk",1.5712136631122517
706,602,"Medium Risk",1.569367796534939
1968,775,"Low Risk",1.569010906355773
460,608,"Medium Risk",1.566130331811412
477,697,"Low Risk",1.5659934906099016
1080,703,"Low Risk",1.5653962533573589
249,618,"Medium Risk",1.5653427182838948
630,491,"High Risk",1.5652690974418664
1469,759,"Low Risk",1.5645384748600126
457,705,"Low Risk",1.56064860698161
1841,730,"Low Risk",1.5603377826205393
137,644,"Medium Risk",1.5601305120650613
585,584,"Medium Risk",1.5600366415158016
723,828,"Low Risk",1.5569681046416364
296,814,"Low Risk",1.5559807349739394
1884,850,"Low Risk",1.5557340130235155
511,661,"Medium Risk",1.5552216167631032
1443,732,"Low Risk",1.5551462188713732
1861,779,"Low Risk",1.5549400093335541
119,624,"Medium Risk",1.5541029944351206
1836,748,"Low Risk",1.551859551859552
291,793,"Low Risk",1.5515875962085777
1831,595,"Medium Risk",1.5513663967611335
1698,747,"Low Risk",1.5496204542779806
420,744,"Low Risk",1.5481291490645746
188,845,"Low Risk",1.5473489180657853
1025,664,"Medium Risk",1.5466702566864117
1849,721,"Low Risk",1.5451630788515778
466,643,"Medium Risk",1.5446661472272096
1220,641,"Medium Risk",1.5445311603351315
680,799,"Low Risk",1.5436864809534254
1933,589,"Medium Risk",1.542585474408254
1041,639,"Medium Risk",1.54218682737839
1959,701,"Low Risk",1.5416650680989834
615,713,"Low Risk",1.5411026225260243
12,748,"Low Risk",1.539949715495567
1735,614,"Medium Risk",1.5392395374900911
862,807,"Low Risk",1.5371359279901127
1343,575,"High Risk",1.5362550781730888
1834,681,"Low Risk",1.5361732039926894
1617,659,"Medium Risk",1.53549637685873
375,695,"Low Risk",1.535103809447856
717,659,"Medium Risk",1.534662319515603
107,734,"Low Risk",1.5346438448314523
1777,741,"Low Risk",1.5344534853921066
653,745,"Low Risk",1.5337493459429081
1291,699,"Low Risk",1.5309013737130401
1878,702,"Low Risk",1.5297400573181155
49,686,"Low Risk",1.5273775961513592
445,645,"Medium Risk",1.5264573281657834
832,625,"Medium Risk",1.5251445488684456
380,800,"Low Risk",1.5248699051694534
431,691,"Low Risk",1.5226223453370267
949,709,"Low Risk",1.5210099868098736
1146,714,"Low Risk",1.5201706439141447
306,725,"Low Risk",1.5174339300937767
56,682,"Low Risk",1.516379711493718
728,721,"Low Risk",1.515207401136776
314,557,"High Risk",1.5145959569803373
1918,550,"High Risk",1.5131079072181977
1180,595,"Medium Risk",1.5123539232053422
1869,702,"Low Risk",1.510047264186505
815,756,"Low Risk",1.5098930149944236
4,716,"Low Risk",1.5093613847784275
1795,647,"Medium Risk",1.5091527109932017
1812,574,"High Risk",1.5084546274863666
1123,710,"Low Risk",1.5072411815314024
1862,686,"Low Risk",1.5067610395098245
1008,657,"Medium Risk",1.5066209141700762
1602,717,"Low Risk",1.5035494240557192
699,698,"Low Risk",1.503199560197911
1065,792,"Low Risk",1.5023792613636364
407,750,"Low Risk",1.5017195081735526
790,743,"Low Risk",1.501693233536809
1312,765,"Low Risk",1.5016891562030112
1428,508,"High Risk",1.5014751334644563
1653,681,"Low Risk",1.5014162881517858
1870,767,"Low Risk",1.5001970332423227
1268,513,"High Risk",1.4997465959387777
559,490,"High Risk",1.4995206947107251
142,675,"Low Risk",1.4992276202981385
1064,654,"Medium Risk",1.49843065994879
367,756,"Low Risk",1.4980933479026828
1434,717,"Low Risk",1.4977623437920324
654,524,"High Risk",1.4938464716819644
1930,721,"Low Risk",1.493433775579042
757,691,"Low Risk",1.4915426544384842
1790,660,"Medium Risk",1.491111364974472
240,745,"Low Risk",1.4908798898703683
223,803,"Low Risk",1.489503214693794
53,701,"Low Risk",1.4877078085642317
1753,506,"High Risk",1.4872899991204152
1519,849,"Low Risk",1.4863540937718684
1898,675,"Low Risk",1.4861451571784363
1666,578,"High Risk",1.4855603356476552
1928,750,"Low Risk",1.4851478035990087
436,623,"Medium Risk",1.48481397823368
162,771,"Low Risk",1.4838982922660373
422,817,"Low Risk",1.4830350661237888
739,622,"Medium Risk",1.4823697792427462
1373,764,"Low Risk",1.4823439922764108
948,718,"Low Risk",1.4819903553436247
1150,791,"Low Risk",1.4819292400444233
1451,719,"Low Risk",1.4782175898817191
1782,777,"Low Risk",1.4782126006106022
1529,692,"Low Risk",1.4780813839197955
548,809,"Low Risk",1.477296972929724
1775,788,"Low Risk",1.4744521702486304
1058,684,"Low Risk",1.4703659506762132
844,738,"Low Risk",1.4696126508347567
18,637,"Medium Risk",1.468961765620143
262,734,"Low Risk",1.4686686073234259
1732,637,"Medium Risk",1.4678684259431332
1237,717,"Low Risk",1.4674650077760498
991,554,"High Risk",1.4662712920085574
228,623,"Medium Risk",1.4659611435792135
63,660,"Medium Risk",1.4608673555819076
1854,625,"Medium Risk",1.4606409168959595
642,648,"Medium Risk",1.4597135576838591
1252,658,"Medium Risk",1.4591309287134338
785,740,"Low Risk",1.4580138624792982
1003,632,"Medium Risk",1.4576658470556094
515,676,"Low Risk",1.4549384927743938
967,699,"Low Risk",1.454115709536735
978,760,"Low Risk",1.453500355366027
1960,612,"Medium Risk",1.4518532431755573
770,706,"Low Risk",1.451371283705923
1048,779,"Low Risk",1.4503693529826645
1966,782,"Low Risk",1.4496015746531636
734,693,"Low Risk",1.4488501826062528
399,802,"Low Risk",1.4470055406835585
1354,692,"Low Risk",1.4462742980561556
1396,732,"Low Risk",1.4455808734679787
1216,601,"Medium Risk",1.44274599770585
694,615,"Medium Risk",1.4413901902667559
1157,812,"Low Risk",1.4378715711156695
1510,764,"Low Risk",1.4372063642465158
1021,751,"Low Risk",1.436592913507659
1037,653,"Medium Risk",1.4362501717134055
1284,765,"Low Risk",1.435552106541167
1791,593,"Medium Risk",1.434130089252965
953,664,"Medium Risk",1.432077301146812
583,636,"Medium Risk",1.4319610416522761
117,595,"Medium Risk",1.4303814218134903
1773,742,"Low Risk",1.4285449111799975
1453,641,"Medium Risk",1.4282985438237086
387,723,"Low Risk",1.426566493346259
1010,548,"High Risk",1.424732122059166
1480,705,"Low Risk",1.4218184741538709
1907,666,"Medium Risk",1.421075543430943
