merchant_id,date,transaction_count,total_spent
38489,"8/19/2024 10:53",1,1911.54
12498,"9/24/2024 14:54",1,1475.95
60152,"8/31/2024 7:33",1,1411.37
22792,"10/4/2024 14:44",1,1316.72
60152,"8/16/2024 17:34",1,1286.25
22792,"9/12/2024 13:15",1,1268.4
95676,"6/22/2024 6:38",1,1238.66
60152,"6/23/2024 17:44",1,1207.74
29742,"5/20/2024 6:02",1,1173.58
38489,"8/15/2024 14:57",1,1149.6
60152,"9/16/2024 11:42",1,1140.2
47203,"8/28/2024 15:43",1,1112.62
7980,"5/13/2024 13:21",1,1096.93
60569,"9/14/2024 15:21",1,1075.33
5594,"9/1/2024 10:42",1,1065.34
68977,"7/30/2024 6:53",1,1048.05
95676,"7/4/2024 23:52",1,1014.27
38489,"5/28/2024 20:59",1,973.1
57386,"10/19/2024 18:03",1,956.37
60569,"10/7/2024 20:45",1,948.94
38489,"9/19/2024 14:25",1,935.33
29742,"6/7/2024 7:25",1,916.42
63326,"10/14/2024 6:03",1,908.67
38489,"7/31/2024 12:46",1,901.78
57386,"9/1/2024 12:35",1,899.57
85600,"5/18/2024 22:42",1,851.19
60152,"7/10/2024 22:16",1,847.36
5594,"8/21/2024 6:40",1,842.58
38489,"7/26/2024 8:41",1,836.75
5594,"7/5/2024 20:08",1,794.37
41620,"6/7/2024 1:12",1,779.62
29742,"9/1/2024 13:41",1,736.19
68977,"8/8/2024 5:25",1,723.7
60152,"5/14/2024 20:44",1,703.75
5594,"8/29/2024 21:46",1,682.02
31893,"10/5/2024 16:10",1,680.3
84190,"10/27/2024 16:48",1,680.02
85600,"9/6/2024 13:42",1,662.37
68977,"5/14/2024 16:57",1,661.72
59592,"7/22/2024 7:12",1,656.96
80871,"7/8/2024 6:49",1,643.77
59474,"7/31/2024 16:29",1,640.36
74034,"8/11/2024 16:21",1,611.49
29742,"9/18/2024 13:20",1,608.84
97130,"9/4/2024 17:05",1,597.06
13381,"10/17/2024 15:12",1,588.33
58665,"7/6/2024 15:34",1,583.73
20945,"5/4/2024 19:17",1,581.05
38489,"7/3/2024 8:39",1,578.62
68977,"5/3/2024 10:42",1,578.11
2541,"6/29/2024 20:00",1,575.72
22792,"8/23/2024 18:53",1,572.02
31883,"10/5/2024 23:07",1,554.53
36934,"9/11/2024 15:34",1,536.94
91684,"8/23/2024 3:22",1,525.56
92070,"9/24/2024 10:37",1,522.33
60152,"10/29/2024 21:06",1,517.46
59592,"6/19/2024 7:11",1,515.95
76589,"10/30/2024 15:14",1,513.58
13381,"6/23/2024 14:56",1,506.76
32583,"5/17/2024 7:49",1,505.16
73661,"8/30/2024 23:26",1,498.45
36934,"8/25/2024 16:14",1,497.61
51300,"6/21/2024 17:36",1,497
57133,"7/29/2024 14:57",1,493
16790,"10/21/2024 15:36",1,489
38489,"5/3/2024 16:21",1,486.07
31181,"8/10/2024 7:22",1,479.97
52923,"6/3/2024 23:33",1,476
45992,"9/17/2024 9:58",1,470.99
44795,"9/11/2024 19:15",1,467
74712,"8/12/2024 22:26",1,463
57133,"7/3/2024 23:40",1,463
14306,"6/26/2024 14:23",1,462.26
67570,"7/22/2024 15:50",1,457.57
3558,"6/7/2024 15:09",1,455
31883,"10/20/2024 18:28",1,452.25
51300,"6/13/2024 16:40",1,452
28085,"10/23/2024 17:55",1,446.03
3558,"4/28/2024 23:25",1,446
52923,"5/15/2024 12:12",1,445.03
49637,"10/29/2024 13:54",1,442
74934,"6/4/2024 20:40",1,441
63211,"9/19/2024 15:08",1,441
49637,"5/29/2024 17:05",1,439.25
51300,"9/10/2024 8:35",1,439
57133,"7/11/2024 17:44",1,439
41523,"5/22/2024 15:53",1,438
59474,"10/8/2024 16:05",1,438
49637,"9/20/2024 22:26",1,436
2788,"7/15/2024 16:18",1,435.41
54850,"10/14/2024 22:58",1,434.94
4655,"9/2/2024 10:01",1,434.4
78644,"6/19/2024 23:40",1,434
57133,"8/10/2024 22:39",1,432
71883,"5/10/2024 22:42",1,432
49637,"8/6/2024 23:09",1,430
73661,"9/11/2024 14:18",1,429.74
31883,"10/3/2024 20:38",1,428.85
37713,"5/28/2024 1:50",1,427
78644,"9/3/2024 15:12",1,427
73661,"10/9/2024 14:07",1,426.47
71667,"7/9/2024 6:41",1,426.36
7777,"6/10/2024 23:41",1,426
8525,"9/24/2024 20:26",1,425
14306,"5/10/2024 14:09",1,422.94
59474,"10/15/2024 18:51",1,422
45992,"5/4/2024 23:51",1,420.35
92822,"6/25/2024 20:26",1,420
59474,"8/6/2024 0:54",1,419
7777,"6/21/2024 23:41",1,418
90830,"8/13/2024 9:13",1,417
16790,"9/18/2024 22:40",1,416
3558,"8/30/2024 5:11",1,416
74934,"8/29/2024 16:19",1,413.52
7777,"10/25/2024 3:06",1,413.11
57133,"7/1/2024 11:36",1,412
40475,"9/17/2024 9:59",1,411.74
34488,"8/6/2024 14:20",1,410.31
29742,"6/23/2024 15:51",1,410.02
73661,"7/23/2024 14:16",1,409.68
3558,"6/7/2024 10:13",1,408
7777,"9/28/2024 23:21",1,406
3558,"4/28/2024 19:15",1,406
3558,"6/12/2024 7:29",1,404.63
57133,"8/22/2024 15:40",1,404
74934,"9/1/2024 21:51",1,404
60152,"9/28/2024 6:54",1,403.37
74934,"9/4/2023 10:20",1,402.06
32858,"7/12/2024 9:03",1,400.85
57133,"6/15/2024 19:06",1,399
77032,"5/26/2024 21:48",1,398
49637,"10/1/2024 11:58",1,397
68977,"7/1/2024 11:17",1,396.77
78644,"8/5/2024 14:15",1,395
7777,"6/6/2024 6:17",1,395
92822,"9/22/2024 22:57",1,394.91
34488,"9/17/2024 14:05",1,393.67
3558,"5/16/2024 23:22",1,393
72043,"10/7/2024 16:23",1,392.09
22792,"7/8/2024 4:51",1,391.51
76639,"8/28/2024 14:21",1,389.76
52923,"5/9/2024 18:48",1,387.48
59474,"10/22/2024 13:02",1,385
39991,"4/28/2024 12:39",1,384.65
72650,"8/30/2024 14:01",1,382.93
41523,"7/29/2024 12:42",1,380
59474,"9/23/2024 1:08",1,379
51300,"10/31/2024 9:34",1,378.98
52923,"9/16/2024 21:25",1,378.39
78644,"10/9/2024 1:34",1,377.29
7777,"7/13/2024 22:50",1,374
15574,"8/5/2024 19:18",1,370
18834,"9/8/2024 8:10",1,369.05
34488,"6/22/2024 14:19",1,367.95
16041,"5/5/2024 21:23",1,367.68
60569,"5/3/2024 17:04",1,366.88
44795,"9/10/2024 6:57",1,364
30286,"6/2/2024 14:10",1,363.46
65265,"7/3/2024 5:20",1,362.98
57133,"6/4/2024 10:47",1,361
51047,"6/9/2024 21:55",1,359.71
9734,"8/18/2024 20:01",1,359.02
74934,"10/7/2024 23:31",1,359
57133,"10/2/2024 10:58",1,358.75
3558,"7/16/2024 14:49",1,358
7777,"8/29/2024 21:45",1,357
73661,"7/31/2024 5:32",1,356.32
43192,"9/22/2024 21:55",1,356
16790,"6/30/2024 21:40",1,355
57133,"5/6/2024 11:46",1,353.9
7777,"9/6/2024 12:29",1,353.63
11277,"10/4/2024 11:24",1,353.17
16790,"7/18/2024 19:13",1,353
20397,"9/8/2024 15:49",1,352.57
51300,"10/27/2024 19:23",1,352
57133,"7/18/2024 18:04",1,352
81536,"9/19/2024 12:17",1,351.77
30286,"6/29/2024 16:38",1,350.8
75422,"9/26/2024 11:15",1,349.73
49637,"8/5/2024 10:47",1,349
19363,"7/11/2024 14:58",1,347.25
3558,"8/22/2024 23:13",1,346
41273,"5/8/2024 12:07",1,345.76
49637,"7/3/2024 20:48",1,345.45
89422,"10/30/2024 17:46",1,344.2
3558,"9/19/2024 12:15",1,343.2
71182,"8/27/2024 22:57",1,342.07
84395,"6/3/2024 12:30",1,341.13
7777,"10/29/2024 23:49",1,340.74
88265,"6/19/2024 8:57",1,340.69
43760,"9/7/2024 23:51",1,340
66607,"8/31/2024 20:46",1,339.61
76019,"7/29/2024 19:50",1,339.2
77334,"10/21/2024 14:24",1,339.19
71182,"10/10/2024 22:40",1,336.88
44795,"8/28/2024 22:53",1,336
44795,"7/17/2024 16:19",1,336
92822,"6/3/2024 17:02",1,335
52923,"9/12/2024 5:54",1,334
84714,"6/15/2024 7:24",1,333.09
73392,"7/17/2024 22:03",1,332.44
71182,"5/23/2024 23:55",1,332.13
21295,"9/8/2024 21:16",1,332.11
51300,"8/4/2024 11:00",1,331.64
15426,"8/28/2024 15:10",1,331
78644,"8/7/2024 8:32",1,330
52923,"5/27/2024 13:35",1,330
73661,"9/4/2024 14:28",1,329.87
34524,"5/26/2024 8:55",1,329.6
39991,"9/18/2024 15:48",1,329.19
65265,"6/29/2024 5:05",1,328.33
71883,"6/12/2024 15:37",1,327.22
7257,"8/6/2024 15:05",1,327.22
77399,"8/6/2024 9:25",1,327.2
7777,"8/28/2024 18:18",1,327
15426,"9/2/2024 18:06",1,323
29261,"10/5/2024 16:13",1,322.06
71182,"9/4/2024 22:02",1,322.04
52923,"6/27/2024 23:40",1,322
52923,"9/13/2024 2:15",1,321.95
51098,"10/30/2024 7:21",1,321.53
45992,"9/29/2024 6:29",1,321.36
14306,"6/18/2024 14:08",1,321.11
61541,"5/22/2024 15:05",1,321.07
14306,"7/10/2024 14:52",1,320.63
13640,"6/10/2024 10:57",1,320.41
54850,"5/26/2024 18:01",1,319.78
15574,"9/4/2024 16:40",1,319.56
54850,"6/30/2024 21:50",1,319.53
35080,"7/22/2024 12:46",1,316.71
74934,"6/28/2024 20:05",1,316.39
44795,"5/14/2024 23:17",1,316.07
88265,"9/30/2024 8:44",1,315.85
49637,"5/20/2024 22:42",1,315
49637,"9/2/2024 19:56",1,315
44795,"9/20/2024 23:28",1,313
59474,"9/2/2024 2:00",1,313
78644,"5/8/2024 15:22",1,312.61
9563,"9/4/2024 19:24",2,312.22
32382,"5/19/2024 8:00",1,311.39
23246,"5/23/2024 8:18",1,311.19
59474,"7/2/2024 11:27",1,311
31883,"10/16/2024 20:06",1,310.61
11600,"9/28/2024 10:17",1,310.1
57133,"8/26/2024 14:35",1,310
4183,"7/19/2024 3:28",1,309.61
21739,"6/5/2024 6:20",1,309.16
39216,"9/16/2024 8:47",1,306.2
31883,"7/13/2024 11:43",1,305.93
44795,"6/13/2024 9:46",1,305
67570,"6/23/2024 7:01",1,304.89
52923,"6/4/2024 1:57",1,304
34488,"4/27/2024 14:23",1,302.74
60532,"7/14/2024 8:36",1,301.72
85532,"10/11/2024 15:53",1,301.11
78644,"9/16/2024 0:40",1,300
60569,"9/28/2024 13:16",1,299.08
59474,"10/19/2024 19:09",1,299
37331,"7/30/2024 21:57",1,298.64
7777,"8/12/2024 23:26",1,298
44795,"9/18/2024 19:08",1,297.85
7777,"6/18/2024 1:47",1,296.82
86616,"10/19/2024 5:53",1,296.67
97879,"5/23/2024 14:28",1,296.64
44795,"5/15/2024 22:55",1,296.63
59474,"5/13/2024 15:14",1,296
93792,"8/31/2024 6:44",1,295.22
92822,"8/9/2024 22:55",1,295
84395,"7/7/2024 13:37",1,294.24
48919,"5/23/2024 7:45",1,293.98
70562,"10/11/2024 6:02",1,292.03
10668,"9/17/2024 12:07",1,290.21
49637,"10/25/2024 4:47",1,290.16
38567,"10/4/2024 6:22",1,290.02
52923,"5/26/2024 8:50",1,289.33
70454,"6/25/2024 21:05",1,288.1
86616,"9/22/2024 5:22",1,287.47
57133,"7/23/2024 21:10",1,287
68685,"8/3/2024 19:16",1,285.88
54850,"9/27/2024 12:34",1,285.51
30286,"7/4/2024 16:52",1,285.25
49637,"9/30/2024 4:24",1,285
67362,"6/13/2024 12:24",1,283.08
9364,"8/21/2024 10:50",1,282.59
13333,"5/29/2024 15:25",1,281.97
7777,"10/26/2024 22:45",1,281
13523,"5/31/2024 13:26",1,280.49
27092,"5/29/2024 16:40",2,280
18138,"9/7/2024 12:55",1,279.61
97332,"7/19/2024 8:24",1,278.47
14306,"6/25/2024 14:22",1,277.04
59474,"9/25/2024 23:46",1,277
84738,"10/7/2024 13:31",1,276.82
51856,"9/6/2024 13:26",1,275.9
66419,"4/28/2024 6:38",1,275.56
53241,"6/30/2024 15:49",1,275.17
39991,"8/25/2024 23:48",1,275
60569,"6/24/2024 11:51",1,274.19
60594,"8/19/2024 19:59",1,274.14
38367,"5/17/2024 15:15",1,272.04
7777,"8/19/2024 17:36",1,270.66
86616,"10/15/2024 9:10",1,270.29
92822,"9/29/2024 22:27",1,269.17
31883,"10/18/2024 19:01",1,269.02
65898,"7/28/2024 18:27",1,268.74
58244,"10/27/2024 7:44",1,267.93
99315,"8/8/2024 12:29",1,266.33
52923,"8/23/2024 3:41",1,266
74934,"6/29/2024 12:37",1,266
60152,"8/30/2024 22:03",1,265.22
44795,"8/17/2024 15:07",1,263
50990,"10/20/2024 14:07",1,262.26
23391,"5/12/2024 14:42",1,261.76
16790,"10/28/2024 23:32",1,261
41523,"8/30/2024 15:30",1,261
42636,"7/9/2024 19:13",1,260.3
41523,"10/9/2024 14:02",1,260.25
47481,"8/18/2024 16:01",1,259.88
2363,"5/27/2024 5:16",1,259.23
19363,"7/24/2024 6:33",1,259.11
59474,"6/26/2024 19:31",1,259.11
51300,"7/17/2024 15:57",1,259
15574,"4/29/2024 13:39",1,259
18138,"8/11/2024 14:53",1,258.87
14572,"9/24/2024 11:47",1,258.55
39991,"7/8/2024 20:27",1,258
17222,"5/19/2024 15:16",1,257.85
26832,"10/5/2024 14:35",1,257.75
76281,"6/22/2024 15:04",1,257.12
92822,"10/5/2024 10:43",1,256.74
39392,"9/2/2024 9:35",1,256.63
59474,"4/30/2024 15:57",1,256.08
52923,"5/14/2024 17:35",1,256
78644,"7/6/2024 12:16",1,255.67
86759,"8/28/2024 20:26",1,255.4
54850,"9/21/2024 1:44",1,255.31
95641,"5/20/2024 11:54",1,254.94
7777,"7/1/2024 21:46",1,254.11
52923,"6/10/2024 19:06",1,254
86616,"6/2/2024 6:45",1,253.79
93491,"6/14/2024 6:32",1,253.06
52923,"7/17/2024 14:56",1,252
70562,"7/31/2024 6:00",1,250.8
59474,"9/3/2024 3:18",1,250
16790,"9/24/2024 14:18",1,250
25407,"9/27/2024 21:22",1,249.88
8050,"6/23/2024 14:13",1,249.75
14800,"6/26/2024 11:17",1,249.67
1095,"8/18/2024 16:32",1,249.6
21595,"9/25/2024 8:33",1,248.87
10943,"7/26/2024 16:35",1,248.61
30286,"8/6/2024 23:31",1,248.31
57133,"8/19/2024 3:18",1,248
81536,"6/21/2024 21:26",1,247.73
34488,"6/23/2024 14:17",1,247.35
5709,"9/13/2024 20:23",1,247.1
60569,"6/29/2024 12:58",2,246.6
11040,"10/31/2024 6:33",1,246.01
71883,"5/13/2024 9:27",1,245.75
66763,"8/2/2024 11:42",1,245.21
16305,"10/11/2023 0:32",1,245.17
60569,"10/24/2024 21:48",1,245.02
15574,"8/9/2024 13:10",1,245
92822,"8/5/2024 19:18",1,245
57480,"6/11/2024 3:44",1,244.87
74934,"10/7/2024 10:09",1,244.58
39991,"5/20/2024 22:37",1,244
3558,"8/20/2024 11:01",1,244
15426,"7/24/2024 11:11",1,243.38
16790,"9/25/2024 19:21",1,243
48013,"7/26/2024 16:00",1,242.8
62413,"8/2/2024 20:21",1,242.21
52923,"6/8/2024 7:49",1,242
31609,"9/12/2024 15:05",1,241.94
72139,"9/6/2024 16:48",1,241.5
30149,"7/2/2024 6:56",1,240.89
92872,"9/6/2024 0:38",1,240.56
7174,"9/2/2024 23:22",1,240.48
8718,"5/20/2024 15:00",1,240.44
33083,"8/6/2024 21:58",1,240.33
27092,"9/22/2024 12:12",1,240
27092,"9/2/2024 12:40",1,240
27092,"4/30/2024 15:07",1,240
27092,"8/12/2024 7:21",1,240
27092,"6/8/2024 13:40",1,240
30286,"7/15/2024 4:31",1,239.48
86916,"9/7/2024 11:23",1,238.9
60594,"6/15/2024 19:24",1,238.58
16041,"9/5/2024 5:49",1,238.18
22589,"6/25/2024 16:04",1,238.17
21248,"10/11/2024 3:29",1,238.15
81833,"10/20/2024 13:31",1,238.14
25407,"5/2/2024 21:14",1,237.9
49650,"9/7/2024 13:42",1,237.63
74203,"8/16/2024 9:56",1,237.55
47481,"8/22/2024 16:49",1,237.52
8075,"9/29/2024 14:13",1,237.47
79410,"6/8/2024 19:16",1,237.17
30286,"8/11/2024 23:24",1,236.04
76796,"10/17/2024 13:08",1,235.96
9714,"9/26/2024 16:23",1,235.86
28545,"5/21/2024 13:12",1,234.5
44795,"6/26/2024 20:39",1,234.24
66010,"8/14/2024 10:47",1,234.17
52923,"5/11/2024 22:30",1,234
15426,"5/1/2024 8:40",1,234
54850,"7/14/2024 20:00",1,233.96
60569,"9/25/2024 12:22",1,233.65
52923,"10/25/2024 2:39",1,233.48
45671,"7/3/2024 17:02",1,233.38
93106,"9/17/2024 13:14",1,232.77
48919,"6/15/2024 9:11",1,232.72
87752,"6/27/2024 15:45",1,232.09
73656,"9/29/2024 20:20",1,231.99
54850,"8/15/2024 11:26",1,231.76
96972,"5/24/2024 14:38",1,231.74
83440,"4/27/2024 14:06",1,231.48
72879,"10/28/2024 16:46",1,230.79
51220,"9/7/2024 22:03",1,230.68
1334,"10/4/2024 11:36",1,229.53
77593,"5/9/2024 12:07",1,229.23
76815,"9/22/2024 6:36",1,229.2
80404,"8/27/2024 16:07",1,228.85
22552,"5/1/2024 13:02",1,228.51
54850,"9/30/2024 21:05",1,228.19
39991,"10/9/2024 13:05",1,228.01
8075,"7/10/2024 14:00",1,227.83
87752,"5/24/2024 10:45",1,227.55
3558,"6/5/2024 21:28",1,227.14
78644,"10/15/2024 14:11",1,227
86616,"8/2/2024 5:59",1,226.86
78644,"10/2/2024 8:03",1,226
51300,"5/21/2024 19:44",1,225.8
91473,"10/24/2024 18:58",1,225.34
76320,"5/7/2024 11:44",1,225.3
49637,"6/17/2024 14:48",1,225
51220,"5/29/2024 22:23",1,224.7
44795,"10/3/2024 19:39",1,224
54850,"9/7/2024 19:46",1,223.52
10668,"5/31/2024 12:25",1,222.87
34488,"10/30/2024 14:05",1,222.76
21059,"6/13/2024 0:19",1,222.51
45992,"7/13/2024 7:33",1,222.36
59474,"8/10/2024 17:22",1,222.13
25407,"7/19/2024 6:06",1,222.09
49637,"5/21/2024 20:01",1,222.07
48919,"10/8/2024 8:17",1,221.94
86916,"7/3/2024 11:20",1,221.9
86616,"5/14/2024 19:45",1,221.77
15426,"10/25/2024 4:03",1,221.57
83611,"7/27/2024 5:55",1,221.26
13700,"5/4/2024 8:35",1,220.97
3558,"8/14/2024 13:09",1,220.92
46627,"5/23/2024 12:09",1,220.79
54850,"6/5/2024 5:32",1,220.73
19911,"6/12/2024 10:16",1,220.73
27092,"9/8/2024 13:17",1,220
27092,"7/15/2024 6:27",1,220
30286,"10/11/2024 11:45",1,219.73
49902,"5/26/2024 15:28",1,219.47
59474,"7/17/2024 22:11",1,219.18
68104,"6/26/2024 14:18",1,219.16
94367,"4/29/2024 2:53",1,217.81
71342,"4/27/2024 6:53",1,217.73
60569,"4/27/2024 16:38",1,217.73
72154,"6/14/2024 1:44",1,217.65
38883,"4/27/2024 18:45",1,217.64
81591,"7/29/2024 10:40",1,217.46
74984,"7/23/2024 5:35",1,217.42
73867,"8/11/2024 16:39",1,217.2
30149,"9/13/2024 6:48",1,217.11
99370,"8/5/2024 13:24",1,216.49
54850,"10/11/2024 6:55",1,216.37
34702,"9/9/2024 15:45",1,216.19
59474,"7/13/2024 23:05",1,216
48013,"6/7/2024 16:19",1,215.85
18688,"7/6/2024 14:48",1,213.75
87752,"6/30/2024 11:27",1,213.63
2680,"5/29/2024 19:20",1,213.59
51220,"10/3/2024 23:03",1,213.55
69692,"10/3/2024 12:49",1,213.45
68751,"10/9/2024 12:41",1,213.33
34488,"8/13/2024 6:09",1,213.13
28395,"4/28/2024 19:09",1,213.04
314,"9/29/2024 14:22",1,212.79
54850,"10/16/2024 16:06",1,212.76
60569,"8/19/2024 10:49",1,212.7
54850,"6/20/2024 6:58",1,212.62
84957,"7/18/2024 19:53",1,212.5
92073,"6/8/2024 19:50",1,212.37
45847,"5/19/2024 9:26",1,212.12
81833,"6/13/2024 10:31",1,211.99
88760,"8/10/2024 17:40",1,211.45
30286,"8/14/2024 8:14",1,211.12
30286,"6/13/2024 21:08",1,211.11
7777,"10/10/2024 1:55",1,211
88579,"7/4/2024 12:31",1,211
71883,"6/1/2024 16:49",1,210.77
49637,"8/8/2024 22:34",1,210.48
30286,"7/2/2024 22:31",1,210.29
22465,"5/28/2024 10:39",1,210.27
61163,"7/8/2024 12:02",1,210.25
86471,"7/6/2024 10:15",1,210.15
16790,"5/17/2024 20:21",1,210
44420,"6/16/2024 19:28",1,209.36
60569,"6/16/2024 20:33",1,209.21
46965,"5/2/2024 6:58",1,209.14
52923,"5/5/2024 20:23",1,209
86616,"10/6/2024 4:15",1,208.99
50783,"5/2/2024 15:31",1,208.68
60210,"9/5/2024 14:54",1,208.53
4818,"6/6/2024 7:06",1,208.47
30286,"7/12/2024 9:59",1,208.41
30286,"7/1/2024 13:03",1,208.35
15426,"6/19/2024 19:35",1,208.17
71883,"9/12/2024 17:10",1,208
74934,"6/12/2024 6:40",1,207.13
78644,"8/7/2024 19:03",1,206.91
75381,"8/18/2024 6:39",1,206.76
71188,"9/27/2024 9:10",1,206.66
51300,"6/30/2024 6:32",1,206.65
70454,"8/9/2024 20:52",1,206.56
67372,"6/19/2024 9:20",1,206.32
44795,"7/4/2024 14:26",1,206.3
60569,"8/26/2024 15:19",1,206.09
74934,"9/18/2024 23:36",1,206
96958,"9/15/2024 11:25",1,205.87
86616,"8/7/2024 14:26",1,205.87
70997,"6/30/2024 13:48",1,205.8
51300,"8/14/2024 19:26",1,205.73
88192,"9/23/2024 14:35",1,205.28
16790,"7/19/2024 16:29",1,204.99
77619,"8/11/2024 16:49",1,204.82
17598,"10/31/2024 23:06",1,204.77
61195,"7/31/2024 22:44",1,204.24
15574,"6/25/2024 22:31",1,204.21
78219,"10/27/2024 11:48",1,204.21
30286,"5/6/2024 19:52",1,204.05
75781,"8/26/2024 14:11",1,204.04
74945,"6/4/2024 18:58",1,203.72
74934,"8/23/2024 21:08",1,203.48
15426,"9/11/2024 18:28",1,203.47
30286,"8/4/2024 1:23",1,203.43
41526,"5/3/2024 21:24",1,203.11
36936,"8/30/2024 6:38",1,203.09
20635,"10/16/2024 10:56",1,202.86
86959,"8/21/2024 15:49",1,202.7
67570,"5/28/2024 12:59",1,202.23
15574,"5/16/2024 10:19",1,202.13
80125,"10/14/2024 13:49",1,201.97
59474,"6/4/2024 20:07",1,201.9
82745,"6/29/2024 12:44",1,201.61
86241,"6/12/2024 13:08",1,200.99
49637,"8/31/2024 6:31",1,200.99
39466,"7/12/2024 12:55",1,200.85
1641,"8/4/2024 11:22",1,200.47
50783,"10/26/2024 19:13",1,200.46
34479,"6/21/2024 15:07",1,200.28
11338,"9/17/2024 10:46",1,200.25
45907,"10/9/2024 11:47",1,200.01
41523,"6/12/2024 18:49",1,200
44795,"5/15/2024 5:30",1,200
27092,"7/6/2024 9:56",1,200
27092,"4/26/2024 13:01",1,200
27092,"5/27/2024 15:27",1,200
27092,"5/19/2024 14:51",1,200
27092,"5/18/2024 12:41",2,200
27092,"6/7/2024 15:53",1,200
60569,"9/14/2024 13:42",1,199.84
30286,"7/3/2024 9:53",1,199.83
15574,"5/29/2024 12:34",1,199.66
86192,"10/31/2024 16:34",1,199.45
15574,"5/1/2024 23:52",1,199.41
54850,"7/26/2024 14:59",1,199.23
23008,"5/15/2024 6:42",1,199.2
86616,"9/4/2024 13:17",1,199.05
71650,"6/24/2024 16:30",1,198.77
86616,"8/2/2024 7:17",1,198.72
50783,"8/2/2024 18:36",1,198.71
86959,"6/6/2024 16:40",1,198.42
81536,"9/22/2024 3:57",1,198.31
34803,"10/6/2024 14:52",1,198.25
56862,"9/22/2024 15:12",1,198.19
30286,"6/11/2024 22:01",1,197.77
60569,"6/1/2024 7:26",1,197.37
15210,"9/1/2024 7:28",1,197.36
86616,"6/20/2024 16:41",1,197.13
51300,"6/26/2024 9:07",1,197
15426,"10/2/2024 11:48",1,196.59
24771,"8/24/2024 15:15",1,196.16
49637,"5/15/2024 4:13",1,196.11
30286,"5/10/2024 16:53",1,196.04
20500,"8/7/2024 6:42",1,195.95
62202,"6/30/2024 9:31",1,195.9
31883,"9/3/2024 13:12",1,195.74
92128,"10/12/2024 13:16",1,195.53
81591,"8/6/2024 10:49",1,195.41
44795,"10/16/2024 18:35",1,195.14
39991,"8/13/2024 8:19",1,195
53216,"6/15/2024 13:19",1,194.75
79927,"8/16/2024 10:47",1,194.08
34593,"9/16/2024 14:29",1,194.01
86616,"6/7/2024 4:19",1,193.75
86616,"10/24/2024 19:34",1,193.7
18138,"7/6/2024 15:11",1,193.59
30286,"5/22/2024 7:43",1,193.54
47441,"9/16/2024 15:44",1,193.41
74932,"10/4/2024 10:30",1,193.3
49637,"7/11/2024 4:08",1,193.08
59935,"10/5/2024 13:55",1,193.07
59474,"10/23/2024 6:09",1,193.01
74934,"8/11/2024 20:35",1,193
59474,"7/30/2024 12:10",1,193
6810,"9/7/2024 11:49",1,192.53
84957,"9/1/2024 19:39",1,192.44
30286,"8/29/2024 11:23",1,192.44
60569,"8/31/2024 10:40",1,192.3
7777,"7/3/2024 16:39",1,192.28
7174,"9/21/2024 16:22",1,192.08
59935,"9/18/2024 13:11",1,191.91
71650,"7/9/2024 17:28",1,191.86
15426,"9/2/2024 6:47",1,191.37
30286,"8/15/2024 20:34",1,191.34
13333,"5/11/2024 15:25",1,191.09
41526,"5/31/2024 14:09",1,190.82
71883,"9/11/2024 15:41",1,190.81
56431,"8/10/2024 11:01",1,190.77
49637,"6/5/2024 18:40",1,190.32
18215,"10/6/2024 6:42",1,190.26
25787,"5/6/2024 10:43",1,190.25
57133,"7/31/2024 19:25",1,190.25
33083,"7/17/2024 21:10",1,190.24
68685,"8/15/2024 22:02",1,190.24
44795,"8/12/2024 12:57",1,189.66
39991,"7/10/2024 20:11",1,189.61
3558,"10/18/2024 3:16",1,189.54
81830,"5/20/2024 11:27",1,189.41
57133,"9/11/2024 15:45",1,189.36
76281,"10/12/2024 15:28",1,189.24
43131,"8/19/2024 1:16",1,188.64
20907,"9/13/2024 23:29",1,188.63
15574,"7/29/2024 11:44",1,188.62
22465,"9/29/2024 9:37",1,188.24
86616,"7/13/2024 10:46",1,188.15
7777,"10/21/2024 3:34",1,188
76639,"6/30/2024 16:42",1,187.9
48919,"7/20/2024 14:40",1,187.84
26298,"8/5/2024 12:37",1,187.27
79191,"8/29/2024 13:56",1,187.14
16790,"5/8/2024 16:30",1,187.13
86959,"7/21/2024 16:12",1,186.95
90923,"10/25/2024 20:42",1,186.85
86616,"6/2/2024 14:14",1,186.69
19575,"7/14/2024 9:25",1,186.61
31893,"9/6/2024 14:41",1,186.6
73578,"4/26/2024 11:43",1,186.51
80170,"9/7/2024 16:15",1,186.46
61195,"9/27/2024 15:30",1,186.42
55092,"6/30/2024 19:00",1,186.08
86916,"9/14/2024 11:05",1,185.97
86748,"8/15/2024 13:45",1,185.8
54850,"10/30/2024 14:53",1,185.72
63420,"10/3/2024 16:26",1,185.7
54850,"5/9/2024 9:08",1,185.64
31707,"5/9/2024 7:25",1,185.38
81591,"6/28/2024 15:39",1,185.35
60594,"8/13/2024 18:20",1,185.28
60569,"9/17/2024 16:13",1,185.1
41523,"6/18/2024 20:15",1,184.79
30286,"10/9/2024 19:49",1,184.62
82981,"9/12/2024 10:44",1,184.44
24181,"5/23/2024 15:23",1,184.42
10768,"9/2/2024 21:18",1,184.25
34302,"9/14/2024 23:24",1,184.11
24049,"6/23/2024 7:47",1,184.03
15574,"9/22/2024 12:20",1,184
59935,"5/2/2024 13:09",1,183.53
26810,"10/18/2024 16:53",1,183.5
31707,"9/20/2024 7:08",1,183.43
41485,"9/23/2024 8:03",1,183.38
3558,"8/8/2024 18:52",1,183.38
37972,"8/10/2024 8:26",1,183.26
30286,"9/21/2024 16:51",1,183.13
43131,"5/20/2024 1:20",1,183.05
82198,"6/17/2024 16:12",1,183.01
31707,"10/6/2024 7:10",1,182.89
29219,"10/13/2024 22:46",1,182.86
87752,"10/12/2024 10:18",1,182.69
23959,"8/1/2024 7:10",1,182.68
2314,"6/24/2024 16:22",1,182.41
61195,"5/24/2024 18:36",1,182.41
71650,"7/30/2024 16:46",1,182.12
75781,"9/16/2024 16:54",1,181.77
40464,"9/27/2024 18:07",1,181.72
50783,"6/9/2024 18:22",1,181.7
14904,"6/28/2024 12:01",1,181.52
39793,"9/16/2024 11:49",1,181.1
87543,"6/11/2024 13:54",1,180.99
50867,"4/26/2024 10:59",1,180.85
41553,"10/15/2024 20:08",1,180.83
32019,"5/25/2024 14:18",1,180.83
3244,"6/18/2024 9:24",1,180.39
27092,"10/31/2024 3:58",1,180
27092,"9/10/2024 12:09",1,180
27092,"9/9/2024 15:26",1,180
27092,"7/9/2024 12:15",1,180
27092,"6/26/2024 20:18",1,180
27092,"5/29/2024 11:01",1,180
15426,"5/14/2024 11:15",1,180
27092,"10/5/2024 13:37",1,180
27092,"4/28/2024 16:06",1,180
27092,"5/10/2024 14:56",1,180
27092,"5/12/2024 5:47",1,180
86652,"6/17/2024 10:52",1,179.94
31707,"6/9/2024 7:15",1,179.93
93106,"9/28/2024 11:18",1,179.82
87752,"8/6/2024 15:56",1,179.65
39991,"6/12/2024 15:50",1,179.37
54912,"7/22/2024 11:11",1,179.2
31258,"7/1/2024 13:54",1,179.04
15426,"9/4/2024 23:09",1,178.9
50867,"5/29/2024 10:58",1,178.89
39288,"9/6/2024 18:28",1,178.82
60569,"8/11/2024 15:22",1,178.14
54850,"10/30/2024 11:05",1,178.01
69123,"10/24/2024 12:45",1,177.81
50215,"10/17/2023 5:16",1,177.75
25887,"10/23/2024 18:02",1,177.61
31707,"10/27/2024 7:21",1,177.54
86616,"7/11/2024 17:49",1,177.35
50783,"8/20/2024 11:55",1,176.94
20561,"5/26/2024 10:35",1,176.94
44116,"6/24/2024 12:49",1,176.8
52923,"6/16/2024 5:55",1,176.77
59201,"5/20/2024 16:10",1,176.58
37066,"8/11/2024 10:53",1,176.53
71883,"9/9/2024 8:22",1,176.51
55235,"10/3/2024 17:02",1,176.38
60569,"8/12/2024 5:16",1,176.2
60569,"7/3/2024 14:35",1,176.15
41523,"7/31/2024 18:15",1,176.13
49637,"10/2/2024 23:08",1,176
20635,"5/19/2024 10:37",1,175.94
42141,"7/30/2024 19:32",1,175.94
98365,"5/17/2024 19:09",1,175.82
81591,"9/14/2024 15:37",1,175.75
78644,"6/14/2024 13:54",1,175.42
48013,"5/11/2024 16:09",1,175.42
18215,"5/6/2024 23:37",1,175.25
60569,"6/1/2024 15:56",1,174.99
31707,"9/19/2024 7:23",1,174.95
31893,"5/17/2024 16:35",1,174.89
50783,"6/29/2024 18:44",1,174.84
89667,"5/25/2024 10:52",1,174.72
31258,"6/18/2024 13:36",1,174.51
15426,"5/15/2024 21:38",1,174.05
24094,"10/12/2024 21:26",1,174.04
24181,"7/9/2024 15:27",1,174
57133,"7/15/2024 22:37",1,174
45488,"7/26/2024 12:05",1,173.97
93106,"8/10/2024 11:25",1,173.87
23285,"5/3/2024 10:42",1,173.81
60993,"7/5/2024 12:38",1,173.65
71883,"10/14/2024 11:51",1,173.63
61195,"7/6/2024 10:45",1,173.47
31345,"7/9/2024 6:53",1,173.27
86068,"5/14/2024 11:53",1,173.22
72139,"8/1/2024 16:14",1,173.13
44648,"5/4/2024 10:23",1,173.11
51300,"7/10/2024 12:53",1,172.67
10768,"5/17/2024 21:05",1,172.63
63967,"10/19/2024 11:38",1,172.62
71650,"8/4/2024 11:05",1,172.33
41523,"9/27/2024 9:34",1,172.25
35662,"8/10/2024 8:49",1,172.08
57133,"10/29/2024 14:12",1,172
11619,"10/7/2024 11:59",1,171.95
68685,"7/13/2024 22:14",1,171.69
41523,"9/18/2024 23:56",1,171.31
7283,"8/29/2024 9:24",1,171.26
82147,"5/25/2024 8:55",1,171.22
18138,"10/4/2024 14:52",1,171.18
20561,"8/28/2024 8:27",1,170.92
36608,"9/25/2024 15:52",1,170.87
71650,"8/1/2024 11:22",1,170.79
86616,"8/19/2024 13:38",1,170.71
39652,"5/26/2024 12:18",1,170.68
20561,"6/25/2024 10:58",1,170.57
2848,"6/22/2024 16:31",1,170.52
61195,"7/7/2024 22:57",1,170.42
87752,"6/27/2024 10:53",1,170.41
20561,"8/2/2024 22:58",1,170.36
54850,"5/18/2024 5:13",1,170.33
70616,"5/25/2024 9:20",1,170.23
71883,"10/2/2024 17:00",1,170.19
9937,"7/25/2024 10:25",1,170.18
25185,"10/15/2024 12:19",1,170.15
44795,"5/16/2024 8:49",1,170.04
30286,"8/26/2024 7:43",1,169.93
54850,"8/21/2024 9:55",1,169.87
81833,"10/5/2024 16:38",1,169.85
61195,"7/28/2024 10:35",1,169.68
69995,"6/17/2024 13:33",1,169.68
26405,"7/29/2024 16:26",1,169.55
24891,"4/26/2024 14:58",1,169.48
37621,"10/22/2024 7:50",1,169.34
79927,"5/4/2024 15:21",1,169.09
75854,"5/25/2024 10:47",1,168.98
31707,"6/2/2024 7:39",1,168.94
94625,"8/9/2024 22:05",1,168.84
75781,"10/2/2024 16:32",1,168.62
15426,"8/5/2024 21:18",1,168.58
20561,"7/26/2024 16:17",1,168.42
60569,"10/20/2024 10:44",1,168.31
25185,"5/16/2024 11:11",1,168.02
66085,"7/23/2024 15:58",1,167.92
30286,"9/22/2024 7:28",1,167.79
54773,"8/10/2024 15:56",1,167.74
58777,"4/30/2024 5:49",1,167.53
86616,"9/28/2024 13:16",1,167.47
24049,"10/4/2024 6:55",1,167.4
75854,"6/1/2024 11:07",1,167.39
77460,"9/5/2024 15:46",1,167.38
28715,"6/9/2024 6:26",1,167
7777,"7/23/2024 3:47",1,166.96
61195,"9/11/2024 19:12",1,166.61
20561,"7/18/2024 15:47",1,166.47
99967,"8/15/2024 15:25",1,166.42
36822,"7/14/2024 12:08",1,166.09
30286,"7/5/2024 13:59",1,165.9
86616,"10/30/2024 5:57",1,165.86
30625,"6/9/2024 1:10",1,165.82
26629,"5/1/2024 8:21",1,165.63
99370,"6/1/2024 15:47",1,165.63
64057,"4/29/2024 9:13",1,165.36
20561,"7/29/2024 7:59",1,165.24
44795,"7/19/2024 15:06",1,165.19
11600,"7/21/2024 10:09",1,164.94
1355,"6/11/2024 9:57",1,164.81
60569,"6/17/2024 16:46",1,164.79
86616,"8/23/2024 10:07",1,164.77
72559,"10/18/2024 4:49",1,164.66
40948,"9/14/2024 15:59",1,164.6
31707,"8/4/2024 7:10",1,164.59
19313,"9/27/2024 0:08",1,164.55
31707,"8/10/2024 7:18",1,164.39
37972,"7/13/2024 8:18",1,164.34
67570,"7/27/2024 3:45",1,164.33
96049,"5/2/2024 14:58",1,164.33
20468,"5/5/2024 16:38",1,164.23
60569,"10/25/2024 15:31",1,164.23
61195,"10/3/2024 10:34",1,164.19
60675,"9/28/2024 14:27",1,164.19
41782,"9/13/2024 15:40",1,163.86
14800,"8/1/2024 10:57",1,163.85
22204,"9/20/2024 8:25",1,163.78
22204,"6/5/2024 8:10",1,163.56
3997,"7/13/2024 6:04",1,163.49
26629,"6/3/2024 8:22",1,163.39
20561,"8/23/2024 11:46",1,163.23
13646,"7/4/2024 11:25",1,163.06
23460,"6/30/2024 7:21",1,163.04
73993,"7/4/2024 9:14",1,162.98
65862,"9/24/2024 10:48",1,162.94
45580,"9/27/2024 16:31",1,162.8
99370,"9/1/2024 16:05",1,162.8
86471,"5/24/2024 10:21",1,162.74
40059,"5/6/2024 11:54",1,162.51
78298,"9/29/2024 11:02",1,162.34
89115,"5/25/2024 2:48",1,162.21
61195,"9/25/2024 15:00",1,162.12
96774,"5/15/2024 19:16",1,162.11
28261,"10/29/2024 17:30",1,162.07
20561,"4/28/2024 15:47",1,162
24491,"5/21/2024 21:43",1,161.99
5113,"5/28/2024 17:15",1,161.92
88262,"10/28/2024 20:35",1,161.77
7313,"9/6/2024 10:46",1,161.58
59935,"10/25/2024 13:25",1,161.49
79927,"8/22/2024 16:39",1,161.34
56561,"8/28/2024 8:18",1,161.31
86616,"9/1/2024 17:29",1,161.21
54850,"7/20/2024 3:58",1,161.06
52923,"6/14/2024 12:25",1,161
81833,"5/25/2024 10:38",1,161
44795,"4/30/2024 11:13",1,161
58765,"9/26/2024 17:40",1,160.97
86959,"5/3/2024 10:49",1,160.96
807,"8/27/2024 15:16",1,160.93
49637,"7/4/2024 20:27",1,160.81
74934,"5/4/2024 13:54",1,160.81
30286,"10/6/2024 1:22",1,160.79
49902,"8/2/2024 15:20",1,160.73
20561,"6/1/2024 10:45",1,160.71
30286,"9/17/2024 17:09",1,160.66
86616,"10/22/2024 13:57",1,160.65
85077,"8/15/2024 15:38",1,160.53
74369,"6/28/2024 18:22",1,160.37
30907,"10/26/2024 19:14",1,160.36
61195,"5/29/2024 16:30",1,160.21
31345,"8/28/2024 6:40",1,160.16
59474,"8/21/2024 17:11",1,160.16
27092,"10/24/2024 9:04",1,160
27092,"9/19/2024 9:10",1,160
27092,"6/22/2024 13:40",1,160
27092,"5/4/2024 19:54",1,160
27092,"10/31/2024 10:35",1,160
27092,"9/23/2024 15:47",1,160
27092,"9/23/2024 6:11",1,160
27092,"9/22/2024 12:19",1,160
27092,"9/17/2024 13:22",1,160
27092,"8/19/2024 6:02",1,160
27092,"8/14/2024 12:16",1,160
27092,"8/5/2024 13:21",1,160
27092,"7/7/2024 6:05",1,160
27092,"7/2/2024 11:46",1,160
27092,"6/11/2024 10:19",1,160
27092,"6/5/2024 16:30",1,160
27092,"5/29/2024 12:07",1,160
27092,"5/23/2024 14:44",1,160
27092,"5/7/2024 16:11",1,160
27092,"4/26/2024 6:16",1,160
15426,"5/13/2024 19:19",1,160
27092,"10/31/2024 15:38",1,160
27092,"10/29/2024 16:02",1,160
27092,"10/19/2024 12:59",1,160
27092,"10/13/2024 0:05",1,160
27092,"10/2/2024 14:04",1,160
27092,"9/30/2024 0:17",1,160
27092,"9/9/2024 0:02",1,160
27092,"8/7/2024 10:52",1,160
27092,"8/4/2024 0:28",1,160
27092,"6/5/2024 13:31",1,160
27092,"5/25/2024 16:58",1,160
27092,"5/15/2024 17:02",1,160
27092,"5/7/2024 10:54",1,160
27092,"4/29/2024 0:04",1,160
77053,"6/22/2024 14:46",1,159.88
30286,"8/3/2024 4:29",1,159.84
29219,"10/27/2024 16:25",1,159.69
86410,"7/23/2024 6:06",1,159.63
40657,"9/21/2024 19:30",1,159.48
49637,"9/25/2024 22:35",1,159.48
85554,"5/29/2024 11:35",1,159.43
44795,"5/1/2024 19:44",1,159.42
14819,"9/18/2024 15:15",1,159.37
12513,"6/17/2024 23:04",1,159.36
22204,"6/27/2024 13:18",1,159.23
37972,"6/28/2024 8:01",1,159.18
66027,"7/19/2024 18:49",1,159.08
80897,"8/26/2024 20:12",1,159.06
60569,"7/3/2024 20:15",1,158.9
31707,"10/11/2024 7:21",1,158.82
96774,"10/14/2024 19:09",1,158.81
30286,"4/27/2024 12:30",1,158.78
54850,"6/17/2024 11:28",1,158.73
54836,"10/12/2024 15:35",1,158.72
75781,"5/5/2024 13:32",1,158.72
32114,"10/14/2024 15:05",1,158.61
37066,"8/30/2024 10:44",1,158.42
52923,"9/2/2024 21:52",1,158.41
94625,"9/27/2024 14:04",1,158.19
61195,"5/27/2024 10:35",1,157.99
41782,"4/26/2024 15:31",1,157.92
36608,"8/5/2024 15:33",1,157.89
23285,"5/27/2024 9:42",1,157.87
44795,"5/1/2024 22:22",1,157.7
26810,"6/18/2024 16:33",1,157.6
71650,"6/30/2024 16:59",1,157.51
32175,"10/10/2024 9:09",1,157.49
86959,"7/31/2024 15:42",1,157.44
44795,"8/28/2024 9:33",1,157
22204,"9/21/2024 8:12",1,156.97
70155,"9/9/2024 2:19",1,156.87
61195,"9/21/2024 15:58",1,156.86
24181,"5/23/2024 15:05",1,156.6
54850,"6/5/2024 13:09",1,156.56
73335,"7/1/2024 14:13",1,156.53
77619,"4/30/2024 11:39",1,156.47
30286,"5/3/2024 11:46",1,156.47
75781,"9/6/2024 13:18",1,156.45
24181,"8/16/2024 15:13",1,156.13
51300,"7/2/2024 19:18",1,155.99
75781,"6/7/2024 16:31",1,155.99
48919,"6/2/2024 16:32",1,155.88
32858,"5/3/2024 12:21",1,155.88
22375,"10/11/2024 5:09",1,155.69
34490,"5/27/2024 8:50",1,155.64
63712,"6/10/2024 19:02",1,155.58
70903,"9/30/2024 7:39",1,155.57
68109,"7/17/2024 10:35",1,155.26
60569,"7/15/2024 15:15",1,155.26
60569,"7/9/2024 5:14",1,155.26
67570,"10/7/2024 20:02",1,155.17
35451,"7/15/2024 2:49",1,155.16
29172,"7/14/2024 21:01",1,155.11
86410,"10/8/2024 3:27",2,155
57133,"5/10/2024 23:13",1,155
24891,"9/28/2024 14:38",1,154.94
